Name,House Sitting,Drop-In Visits,Dog Walking,Boarding,Doggy Day Care
Christian B.,30.0,16.0,20,,
Monica & Calvin M.,,20.0,20,45.0,40.0
Alyssa L.,,20.0,20,,
Molly C.,,20.0,18,40.0,33.0
Annie X.,65.0,25.0,29,,
Emily N.,,15.0,15,,
Angie K.,25.0,16.0,20,25.0,33.0
Juanita & Emmanuel P.,,,20,38.0,25.0
Mariam C.,40.0,35.0,20,45.0,60.0
Katie D.,,15.0,18,36.0,28.0
Nicole G.,25.0,20.0,20,,
Crystal S.,,25.0,20,,
Allison R.,25.0,16.0,20,,
Lizbeth O.,65.0,35.0,35,,
Monica M.,,26.0,20,35.0,25.0
Fatima S.,,19.0,22,40.0,
Lauren M.,25.0,16.0,20,,
Leeana Z.,23.0,16.0,19,,
Carolina L.,,15.0,20,25.0,25.0
Maria C.,,15.0,15,30.0,25.0
Khala T.,40.0,20.0,15,35.0,25.0
Isabel C.,30.0,18.0,20,,
Brittany K.,,20.0,20,30.0,30.0
Ellen H.,,15.0,17,,25.0
Ali M.,,20.0,18,,
Dalila E.,,15.0,15,33.0,
Valerie G.,30.0,25.0,20,30.0,
Elliott M.,29.0,19.0,27,32.0,32.0
E K.,,20.0,20,25.0,25.0
Ainsley R.,,15.0,20,,
Diego F.,20.0,20.0,20,25.0,30.0
Lauren P.,,18.0,20,,
Theodore T.,35.0,19.0,20,35.0,33.0
Sabrina R.,40.0,35.0,35,50.0,
Alexa R.,,20.0,20,,50.0
Austin D.,,16.0,20,25.0,
Skylar F.,27.0,16.0,20,27.0,25.0
Laura L.,25.0,15.0,19,25.0,25.0
Karla G.,,25.0,25,40.0,25.0
Karina B.,30.0,30.0,30,30.0,40.0
Yasmine S.,80.0,20.0,19,45.0,30.0
Stephanie V.,,16.0,20,40.0,35.0
Melissa L.,30.0,20.0,20,,
Violetta M.,75.0,25.0,23,,
Michelle S.,30.0,18.0,25,,
Pamela K.,75.0,,25,50.0,35.0
Laura Y.,32.0,20.0,20,,
Julia J.,35.0,20.0,20,,
Haley T.,28.0,15.0,12,25.0,25.0
ashley o.,50.0,30.0,25,45.0,
Jennifer S.,28.0,16.0,20,25.0,
Tatiana H.,35.0,20.0,20,45.0,35.0
Maria P.,50.0,25.0,25,63.0,44.0
Rhia L.,,,10,,
Stephanie L.,30.0,16.0,18,,
Cynthia R.,,,20,30.0,33.0
Maribel C.,,30.0,25,45.0,35.0
Megan M.,,,20,,
Janet G.,45.0,30.0,25,,
ricardo s.,25.0,16.0,20,,
Yasmine S.,80.0,20.0,19,45.0,30.0
Stephanie V.,,16.0,20,40.0,35.0
Melissa L.,30.0,20.0,20,,
Violetta M.,75.0,25.0,23,,
Michelle S.,30.0,18.0,25,,
Pamela K.,75.0,,25,50.0,35.0
Laura Y.,32.0,20.0,20,,
Julia J.,35.0,20.0,20,,
Haley T.,28.0,15.0,12,25.0,25.0
ashley o.,50.0,30.0,25,45.0,
Jennifer S.,28.0,16.0,20,25.0,
Tatiana H.,35.0,20.0,20,45.0,35.0
Maria P.,50.0,25.0,25,63.0,44.0
Rhia L.,,,10,,
Stephanie L.,30.0,16.0,18,,
Cynthia R.,,,20,30.0,33.0
Maribel C.,,30.0,25,45.0,35.0
Megan M.,,,20,,
Janet G.,45.0,30.0,25,,
ricardo s.,25.0,16.0,20,,
Kait S.,100.0,20.0,20,,
Adriana L.,25.0,16.0,20,,
Maddie B.,40.0,,20,40.0,
Chanakarn H.,40.0,30.0,20,30.0,35.0
Jazmin L.,,25.0,20,44.0,33.0
Jay F.,,,20,,
Maeve P.,45.0,15.0,19,40.0,40.0
Joseph K.,45.0,20.0,24,,
Eman E.,65.0,35.0,25,65.0,60.0
Morgan P.,,16.0,16,35.0,30.0
David B.,,,20,50.0,45.0
Alejandra Z.,,30.0,30,60.0,70.0
Priscilla G.,,15.0,15,30.0,30.0
Payal M.,40.0,30.0,25,,
Daisy G.,25.0,16.0,20,,
Jacqueline S.,50.0,30.0,30,,
Daisy M.,25.0,16.0,20,,
Hailee B.,25.0,19.0,20,,38.0
Brianda C.,,,20,,
Guadalupe D.,25.0,16.0,20,25.0,33.0
Kait S.,100.0,20.0,20,,
Adriana L.,25.0,16.0,20,,
Maddie B.,40.0,,20,40.0,
Chanakarn H.,40.0,30.0,20,30.0,35.0
Jazmin L.,,25.0,20,44.0,33.0
Jay F.,,,20,,
Maeve P.,45.0,15.0,19,40.0,40.0
Joseph K.,45.0,20.0,24,,
Eman E.,65.0,35.0,25,65.0,60.0
Morgan P.,,16.0,16,35.0,30.0
David B.,,,20,50.0,45.0
Alejandra Z.,,30.0,30,60.0,70.0
Priscilla G.,,15.0,15,30.0,30.0
Payal M.,40.0,30.0,25,,
Daisy G.,25.0,16.0,20,,
Jacqueline S.,50.0,30.0,30,,
Daisy M.,25.0,16.0,20,,
Hailee B.,25.0,19.0,20,,38.0
Brianda C.,,,20,,
Guadalupe D.,25.0,16.0,20,25.0,33.0
Joyce W.,75.0,35.0,30,,
Michael D.,45.0,20.0,20,45.0,40.0
Christina S.,25.0,16.0,20,,
Nikki C.,40.0,18.0,18,55.0,
Caroline F.,35.0,16.0,18,,
Karla T.,50.0,35.0,30,60.0,
Elizabeth T.,120.0,20.0,20,,40.0
Megan C.,35.0,25.0,25,35.0,
Quinn M.,35.0,13.0,13,,
Carlee R.,38.0,12.0,12,,32.0
Kimberly M.,26.0,17.0,15,20.0,33.0
Amairani G.,125.0,20.0,25,,
Jasmine J.,30.0,15.0,15,30.0,33.0
Julia J.,25.0,16.0,20,,
Martyna K.,,16.0,20,25.0,25.0
Danielle R.,25.0,15.0,20,,
Natyeli G.,50.0,25.0,21,,
Isa R.,,15.0,18,30.0,
Jesus Q.,25.0,20.0,20,30.0,30.0
Candy P.,25.0,16.0,20,25.0,33.0
Lindsey V.,30.0,17.0,20,,
Jake H.,25.0,15.0,20,,20.0
Pablo V.,48.0,35.0,15,,
Paige S.,50.0,25.0,30,,
Joaquin H.,,16.0,20,,
Adelle G.,45.0,23.0,23,45.0,
Tenley B.,45.0,25.0,25,,35.0
Brandon T.,,12.0,15,,
Sandra T.,15.0,12.0,11,,
Taneah M.,25.0,16.0,20,,
Dawn K.,,15.0,15,50.0,
Amelia S.,,18.0,20,,
Jennifer C.,25.0,15.0,15,,
Ariana B.,30.0,15.0,15,25.0,25.0
Maryanne M.,30.0,30.0,20,30.0,33.0
Makila G.,25.0,18.0,20,25.0,33.0
Shaundrenika R.,,17.0,20,,
Kimberly B.,25.0,16.0,20,,33.0
Sierra A.,,20.0,20,30.0,30.0
Hector G.,30.0,20.0,20,30.0,33.0
Samantha G.,50.0,20.0,20,,
Heather C.,,16.0,20,,
Patrick L.,38.0,13.0,19,,
Angel T.,55.0,20.0,19,29.0,25.0
Erin R.,25.0,16.0,20,,
Samantha E.,35.0,16.0,20,,
Gabi A.,,15.0,15,,
Heather P.,25.0,16.0,20,25.0,33.0
Masheika S.,45.0,25.0,25,40.0,
Georgina R.,25.0,20.0,20,25.0,33.0
Brenda V.,,,17,,
Eileen S.,50.0,25.0,20,,60.0
Love P.,,30.0,20,55.0,33.0
Amanda V.,25.0,16.0,20,25.0,33.0
Elisa L.,25.0,20.0,20,,
Lizbeth A.,20.0,20.0,15,30.0,
Jose G.,25.0,20.0,20,,
Gisel C.,35.0,18.0,25,30.0,35.0
Andy P.,25.0,16.0,20,,33.0
Shanna A.,25.0,16.0,20,25.0,33.0
Samantha G.,50.0,20.0,20,,
Heather C.,,16.0,20,,
Patrick L.,38.0,13.0,19,,
Angel T.,55.0,20.0,19,29.0,25.0
Erin R.,25.0,16.0,20,,
Samantha E.,35.0,16.0,20,,
Gabi A.,,15.0,15,,
Heather P.,25.0,16.0,20,25.0,33.0
Masheika S.,45.0,25.0,25,40.0,
Georgina R.,25.0,20.0,20,25.0,33.0
Brenda V.,,,17,,
Eileen S.,50.0,25.0,20,,60.0
Love P.,,30.0,20,55.0,33.0
Amanda V.,25.0,16.0,20,25.0,33.0
Elisa L.,25.0,20.0,20,,
Lizbeth A.,20.0,20.0,15,30.0,
Jose G.,25.0,20.0,20,,
Gisel C.,35.0,18.0,25,30.0,35.0
Andy P.,25.0,16.0,20,,33.0
Shanna A.,25.0,16.0,20,25.0,33.0
Kathryn C.,15.0,10.0,12,,
Kendra C.,60.0,25.0,22,45.0,40.0
Roger A.,25.0,16.0,20,25.0,33.0
David R.,55.0,30.0,25,,
Melissa B.,,20.0,20,32.0,30.0
Angelina P.,,35.0,25,60.0,45.0
Lauren R.,,25.0,15,,
Kellie N.,,,20,,
Ashley F.,25.0,20.0,20,25.0,
Alex G.,20.0,16.0,20,40.0,33.0
Leroy W.,25.0,,20,,
bartee t.,25.0,16.0,20,25.0,35.0
John H.,50.0,20.0,20,,
Benjamin T.,100.0,16.0,20,100.0,100.0
Rebbecca S.,40.0,20.0,20,50.0,
Darnise J.,25.0,16.0,20,25.0,33.0
Aaron C.,30.0,16.0,16,,
Elizabeth S.,,16.0,20,,
Shari H.,,20.0,20,,
Isiah S.,25.0,16.0,15,35.0,33.0
Kathryn C.,15.0,10.0,12,,
Kendra C.,60.0,25.0,22,45.0,40.0
Roger A.,25.0,16.0,20,25.0,33.0
David R.,55.0,30.0,25,,
Melissa B.,,20.0,20,32.0,30.0
Angelina P.,,35.0,25,60.0,45.0
Lauren R.,,25.0,15,,
Kellie N.,,,20,,
Ashley F.,25.0,20.0,20,25.0,
Alex G.,20.0,16.0,20,40.0,33.0
Leroy W.,25.0,,20,,
bartee t.,25.0,16.0,20,25.0,35.0
John H.,50.0,20.0,20,,
Benjamin T.,100.0,16.0,20,100.0,100.0
Rebbecca S.,40.0,20.0,20,50.0,
Darnise J.,25.0,16.0,20,25.0,33.0
Aaron C.,30.0,16.0,16,,
Elizabeth S.,,16.0,20,,
Shari H.,,20.0,20,,
Isiah S.,25.0,16.0,15,35.0,33.0
Ruth & Joseph F.,,16.0,20,30.0,33.0
Rachel R.,,18.0,18,,
Margaret M.,,20.0,20,,
Christopher M.,25.0,16.0,20,,33.0
Jessica S.,,15.0,15,,
Kirsten M.,30.0,20.0,25,30.0,25.0
Allyssa A.,25.0,16.0,20,25.0,33.0
Cailyn F.,45.0,18.0,18,,
Gabby G.,40.0,20.0,20,28.0,
Marissa M.,25.0,16.0,20,25.0,
Andrea A.,50.0,20.0,25,,
Angelica S.,60.0,30.0,20,,
Brianna S.,25.0,16.0,20,,
Kim L.,25.0,16.0,20,,
Naomi C.,35.0,16.0,15,33.0,
Dana S.,40.0,20.0,20,,
Michelle E.,,15.0,15,,
Rocio V.,,16.0,20,25.0,33.0
Jenny L.,,35.0,18,,
Sarah J.,,20.0,16,,
Genesis S.,,,25,,
Anna M.,,20.0,25,,
Elisabeth B.,45.0,20.0,20,,
Mariangely F.,25.0,16.0,20,25.0,33.0
Jon M.,55.0,20.0,20,45.0,35.0
Aidan W.,25.0,16.0,20,,
Sarah P.,70.0,30.0,40,65.0,50.0
Ivonne T.,35.0,16.0,20,35.0,35.0
Ashley B.,40.0,25.0,20,45.0,
Louis F.,,13.0,23,34.0,33.0
Marcus G.,35.0,25.0,25,,
Maurice W.,,20.0,20,,
Lindsey S.,25.0,16.0,20,,
Adrian A.,,16.0,20,,
Chelsea G.,30.0,,13,,
China B.,25.0,16.0,20,,33.0
Marcela O.,,,20,,33.0
Ashly E.,30.0,16.0,20,35.0,38.0
Cristal V.,,16.0,20,25.0,
Kalina T.,,12.0,10,25.0,20.0
Maya C.,25.0,20.0,20,,
Bella A.,25.0,15.0,20,,
Yadira N.,35.0,25.0,18,40.0,30.0
Caroline G.,45.0,20.0,15,45.0,25.0
Jillian L.,60.0,55.0,50,70.0,
Tyree H.,50.0,16.0,20,50.0,33.0
Griselda F.,20.0,15.0,15,,
Annie L.,32.0,19.0,15,,
Taylor W.,,16.0,20,,
Savion S.,30.0,20.0,25,35.0,
Taraja E.,38.0,32.0,25,60.0,33.0
Lakeisha H.,,15.0,17,,
Beatrice G.,50.0,25.0,25,40.0,
Derek P.,30.0,17.0,13,,
Michael G.,,15.0,15,25.0,33.0
Tina T.,24.0,14.0,18,24.0,29.0
Bailey M.,25.0,15.0,20,35.0,30.0
Josh S.,30.0,20.0,25,,
Sofia M.,32.0,,17,30.0,33.0
Silvana A.,25.0,13.0,12,,20.0
Wade H.,35.0,25.0,20,40.0,30.0
Julie M.,,14.0,14,,
Maani N.,35.0,19.0,23,,
Lesley T.,,15.0,15,,
Jonathan S.,30.0,15.0,15,35.0,25.0
Kevin V.,25.0,16.0,20,25.0,33.0
Abril D.,60.0,15.0,15,,
Alan & April M.,32.0,15.0,20,,
Lowell L.,35.0,25.0,25,35.0,35.0
Bronte R.,,20.0,20,30.0,35.0
Philip L.,25.0,15.0,15,25.0,15.0
Cora B.,25.0,16.0,20,,33.0
Nate N.,25.0,15.0,15,25.0,25.0
Glori B.,30.0,25.0,25,30.0,33.0
Phillip J.,50.0,35.0,36,63.0,45.0
Jonathan H.,25.0,16.0,20,25.0,33.0
Claudia C.,25.0,,13,21.0,23.0
Zachary C.,40.0,18.0,20,,
Sharon W.,,15.0,15,29.0,25.0
Grace M.,,19.0,20,,
Bryan S.,35.0,15.0,15,,
Siara S.,,16.0,20,30.0,33.0
Max H.,25.0,16.0,20,,
Amanda M.,35.0,12.0,15,,
Alyson W.,40.0,15.0,15,35.0,30.0
Laura P.,,25.0,25,,
Libby W.,50.0,15.0,13,35.0,30.0
Wynter L.,25.0,16.0,20,,
Christian E.,,30.0,25,35.0,30.0
Peyton V.,40.0,34.0,30,,
Leila & Anisa L.,25.0,16.0,20,25.0,33.0
Annie P.,35.0,22.0,25,,
Mary M.,,28.0,20,36.0,32.0
Monique D.,,,16,25.0,
Luisa C.,50.0,25.0,25,,
Marlene S.,100.0,65.0,30,80.0,80.0
Ryan O.,40.0,18.0,20,45.0,
Renard S.,70.0,25.0,30,60.0,35.0
Esme M.,25.0,16.0,20,,
Walter N.,25.0,16.0,20,25.0,33.0
Bryan S.,35.0,15.0,15,,
Siara S.,,16.0,20,30.0,33.0
Max H.,25.0,16.0,20,,
Amanda M.,35.0,12.0,15,,
Alyson W.,40.0,15.0,15,35.0,30.0
Laura P.,,25.0,25,,
Libby W.,50.0,15.0,13,35.0,30.0
Wynter L.,25.0,16.0,20,,
Christian E.,,30.0,25,35.0,30.0
Peyton V.,40.0,34.0,30,,
Leila & Anisa L.,25.0,16.0,20,25.0,33.0
Annie P.,35.0,22.0,25,,
Mary M.,,28.0,20,36.0,32.0
Monique D.,,,16,25.0,
Luisa C.,50.0,25.0,25,,
Marlene S.,100.0,65.0,30,80.0,80.0
Ryan O.,40.0,18.0,20,45.0,
Renard S.,70.0,25.0,30,60.0,35.0
Esme M.,25.0,16.0,20,,
Walter N.,25.0,16.0,20,25.0,33.0
Phillip A.,30.0,17.0,20,29.0,33.0
Nayeli S.,,17.0,20,,
Maria F.,27.0,16.0,13,,18.0
Andrew C.,38.0,20.0,19,100.0,32.0
Kayla C.,30.0,16.0,20,30.0,35.0
Aiya H.,,15.0,15,,
Julie M.,50.0,32.0,30,,
Courtney S.,40.0,16.0,20,,
Kevin C.,30.0,20.0,24,,
Beth A.,48.0,19.0,20,,
Liz S.,43.0,18.0,20,,
Xitlalli G.,35.0,27.0,35,35.0,35.0
Gina R.,50.0,20.0,20,,
Jessica B.,25.0,16.0,20,,
Yanise B.,40.0,16.0,20,,
Samantha W.,30.0,15.0,20,,
Yesenia R.,40.0,15.0,20,25.0,33.0
Paulina P.,25.0,16.0,20,,
Ashley P.,25.0,12.0,15,,
Natyeli G.,,13.0,13,,
Briana L.,25.0,16.0,20,,
Destiny N.,60.0,25.0,22,55.0,50.0
Samantha S.,45.0,25.0,30,,
John P.,25.0,16.0,20,,
Anastasiya Z.,40.0,20.0,18,,
Jeremiah H.,45.0,16.0,20,25.0,33.0
Juliana L.,30.0,17.0,17,25.0,25.0
Zelina G.,25.0,16.0,20,,33.0
Crystal J.,,16.0,25,,
Anna W.,,16.0,15,35.0,
Angelica R.,35.0,20.0,20,,
Shelby R.,25.0,16.0,20,,33.0
Shannon H.,25.0,16.0,20,,
Natasha E.,150.0,40.0,32,,
Noah H.,60.0,40.0,30,70.0,
Lexie C.,25.0,12.0,15,,
Raheel H.,25.0,16.0,20,,
Katelyn S.,50.0,25.0,15,,
Laaria C.,50.0,40.0,40,40.0,45.0
Emily P.,25.0,13.0,16,,
Joaquin D.,50.0,20.0,25,60.0,40.0
Anne C.,,20.0,20,,
Gerardo C.,30.0,15.0,20,26.0,23.0
Logan N.,50.0,20.0,20,,
Raven S.,35.0,25.0,20,35.0,25.0
Shannon B.,50.0,24.0,15,,39.0
Christina C.,,,30,,
Weléla K.,50.0,20.0,25,,
Yejin Y.,,16.0,20,35.0,30.0
Muhammad S.,35.0,20.0,20,40.0,30.0
Angela Z.,,13.0,20,,
Precious N.,,13.0,16,22.0,20.0
Obioma M.,25.0,17.0,20,,
Jason H.,,,25,,
Mykee M.,30.0,16.0,19,,
Elenor M.,63.0,20.0,20,,
Johnathan J.,15.0,15.0,12,15.0,20.0
Jabre W.,60.0,15.0,20,,
Lauren T.,100.0,20.0,25,55.0,
Lauren C.,59.0,19.0,20,44.0,38.0
Koda C.,25.0,15.0,15,,
Lindsey R.,40.0,20.0,20,,
Tanya A.,35.0,24.0,20,,
Kaylee N.,,15.0,20,45.0,25.0
Valerie T.,,30.0,25,45.0,33.0
Berni B.,30.0,12.0,18,,
Kristen R.,40.0,25.0,20,,
Miguel G.,,,20,,
Alexandro N.,25.0,15.0,20,,
Samantha S.,,16.0,20,,
Lindsay D.,30.0,16.0,20,30.0,40.0
Mimi M.,25.0,16.0,20,,
Christal L.,65.0,66.0,40,75.0,75.0
Jenny A.,20.0,,18,15.0,20.0
Jenny E.,25.0,20.0,20,,
Vunita S.,,22.0,22,45.0,35.0
Izabel A.,25.0,16.0,20,,33.0
Alyssa T.,80.0,30.0,25,,
Queelah B.,25.0,16.0,20,25.0,33.0
Amanda D.,,16.0,16,,
Ashley N.,45.0,13.0,15,40.0,25.0
Natalia T.,34.0,16.0,20,,
Shelby S.,38.0,22.0,20,39.0,
Sendra U.,25.0,16.0,20,,
Dominique K.,40.0,,25,40.0,38.0
Caleb Y.,25.0,16.0,20,,
Jeremiah R.,77.0,16.0,29,88.0,
Claire B.,38.0,,18,,
Alex D.,15.0,10.0,10,,
Maxie M.,,18.0,30,,
Thomas A.,35.0,15.0,15,30.0,
Mallory J.,25.0,12.0,15,25.0,
Brianna B.,27.0,17.0,17,,
Arielle A.,,16.0,20,,
Monica B.,50.0,30.0,35,50.0,45.0
JoAnn D.,50.0,19.0,20,50.0,
Cheszerae M.,40.0,,15,,
Denisha W.,25.0,16.0,20,25.0,
Emma K.,60.0,25.0,25,,
Rebecca C.,,25.0,25,75.0,75.0
Brian R.,50.0,20.0,25,30.0,20.0
Dana B.,,20.0,25,30.0,35.0
Kyler C.,45.0,25.0,35,,
Kristin R.,30.0,16.0,20,30.0,30.0
Serena S.,,,25,,35.0
Cicely R.,,17.0,20,,
Sara F.,95.0,45.0,35,,
Rachel L.,,12.0,12,,
Trevor G.,,,20,,
Lynsee S.,50.0,25.0,25,,
Nora E.,25.0,20.0,25,25.0,50.0
Victoria C.,25.0,,20,,
Morgan T.,25.0,16.0,20,40.0,
Edilberto V.,50.0,30.0,19,,
Erica Z.,50.0,20.0,20,50.0,
Nik H.,25.0,20.0,20,,
Styvalis V.,,30.0,45,50.0,80.0
Devin W.,25.0,16.0,20,25.0,33.0
Lakeda W.,25.0,16.0,20,25.0,33.0
Lauren L.,,25.0,25,30.0,35.0
Alexie P.,55.0,25.0,25,,
Kelley S.,50.0,15.0,15,,
Abigail P.,28.0,18.0,22,,
Cat A.,30.0,18.0,20,,
Natalia S.,60.0,25.0,25,55.0,55.0
Eileen D.,100.0,63.0,45,,
Jada W.,40.0,25.0,20,38.0,
Kelsey & Dillion K.,,18.0,20,28.0,33.0
maddie d.,25.0,16.0,20,,25.0
Robyn B.,25.0,16.0,20,25.0,33.0
Issac F.,50.0,18.0,20,60.0,45.0
Palak D.,40.0,18.0,20,40.0,35.0
Robin B.,45.0,18.0,20,40.0,35.0
Delaney J.,60.0,35.0,35,65.0,
Jalyssa J.,70.0,16.0,20,70.0,
Charlotte B.,28.0,14.0,18,,
Riana P.,,16.0,20,,
Keeshina C.,25.0,16.0,20,25.0,33.0
Eugene M.,,16.0,18,,
Miguel S.,25.0,15.0,15,30.0,30.0
Emily K.,,12.0,15,,
Jennifer M.,50.0,15.0,20,40.0,30.0
Shannon D.,60.0,17.0,19,50.0,
Taylor D.,45.0,25.0,25,,
Alex A.,40.0,30.0,35,35.0,35.0
Darnell L.,35.0,20.0,20,25.0,33.0
Evangelina C.,,16.0,20,,
Angela P.,20.0,20.0,20,,
Shekinah C.,,,32,38.0,38.0
Alicia L.,25.0,20.0,20,,
Grace R.,25.0,16.0,20,,
Nick H.,25.0,16.0,20,,
Shea P.,50.0,20.0,25,35.0,20.0
itaysha c.,35.0,20.0,25,35.0,
Larkin M.,,16.0,20,,
Tiffany T.,35.0,17.0,19,,
Michael M.,25.0,16.0,20,40.0,33.0
Juaquita B.,25.0,16.0,20,25.0,
Kareem M.,42.0,16.0,23,42.0,
Elaine S.,,16.0,15,,
Emily K.,,12.0,15,,
Jennifer M.,50.0,15.0,20,40.0,30.0
Shannon D.,60.0,17.0,19,50.0,
Taylor D.,45.0,25.0,25,,
Alex A.,40.0,30.0,35,35.0,35.0
Darnell L.,35.0,20.0,20,25.0,33.0
Evangelina C.,,16.0,20,,
Angela P.,20.0,20.0,20,,
Shekinah C.,,,32,38.0,38.0
Alicia L.,25.0,20.0,20,,
Grace R.,25.0,16.0,20,,
Nick H.,25.0,16.0,20,,
Shea P.,50.0,20.0,25,35.0,20.0
itaysha c.,35.0,20.0,25,35.0,
Larkin M.,,16.0,20,,
Tiffany T.,35.0,17.0,19,,
Michael M.,25.0,16.0,20,40.0,33.0
Juaquita B.,25.0,16.0,20,25.0,
Kareem M.,42.0,16.0,23,42.0,
Elaine S.,,16.0,15,,
Elisa M.,65.0,20.0,25,75.0,50.0
Jennifer B.,,16.0,17,,
Kristelle T.,,25.0,25,32.0,
Jasmine T.,30.0,18.0,15,40.0,30.0
Kevin C.,,20.0,20,,
Jasmine G.,,19.0,25,,
Erica B.,65.0,30.0,20,60.0,50.0
Kennedy L.,25.0,18.0,20,,
Megan L.,63.0,,20,35.0,33.0
Sean R.,45.0,16.0,18,75.0,45.0
Gail R.,,18.0,20,32.0,
Erin K.,,13.0,20,,
Adam N.,20.0,10.0,12,,
Fernando T.,40.0,25.0,20,50.0,
Lia E.,50.0,15.0,18,,
Shana K.,30.0,20.0,25,30.0,35.0
Daisy V.,,16.0,20,,
Lizzie M.,25.0,16.0,15,,
Cailyn S.,38.0,15.0,17,,
Bridget M.,25.0,10.0,10,,
Elisa M.,65.0,20.0,25,75.0,50.0
Jennifer B.,,16.0,17,,
Kristelle T.,,25.0,25,32.0,
Jasmine T.,30.0,18.0,15,40.0,30.0
Kevin C.,,20.0,20,,
Jasmine G.,,19.0,25,,
Erica B.,65.0,30.0,20,60.0,50.0
Kennedy L.,25.0,18.0,20,,
Megan L.,63.0,,20,35.0,33.0
Sean R.,45.0,16.0,18,75.0,45.0
Gail R.,,18.0,20,32.0,
Erin K.,,13.0,20,,
Adam N.,20.0,10.0,12,,
Fernando T.,40.0,25.0,20,50.0,
Lia E.,50.0,15.0,18,,
Shana K.,30.0,20.0,25,30.0,35.0
Daisy V.,,16.0,20,,
Lizzie M.,25.0,16.0,15,,
Cailyn S.,38.0,15.0,17,,
Bridget M.,25.0,10.0,10,,
Tedra T.,30.0,20.0,25,25.0,35.0
Iman A.,25.0,15.0,15,,
Stephanie P.,85.0,35.0,20,38.0,38.0
Delainey P.,25.0,15.0,15,25.0,25.0
Tori P.,30.0,16.0,20,38.0,35.0
April S.,25.0,16.0,20,,
Chantal C.,30.0,20.0,20,30.0,33.0
Jolie M.,25.0,16.0,20,25.0,33.0
Zoe B.,30.0,20.0,20,40.0,
Julia A.,50.0,40.0,20,50.0,40.0
Alyssa A.,34.0,23.0,23,,32.0
Eugene G.,,24.0,22,,
Kayley C.,25.0,15.0,20,,
Jovani S.,25.0,16.0,20,,
Deandra G.,30.0,20.0,18,25.0,
Stephen C.,25.0,15.0,15,,
Megan S.,,15.0,20,,25.0
Justin C.,25.0,16.0,20,,
Madeline F.,45.0,20.0,20,40.0,
Grace T.,,20.0,15,35.0,35.0
Karina M.,25.0,16.0,20,25.0,33.0
Jacee F.,30.0,14.0,16,,
Kate A.,30.0,20.0,20,,
Leslie D.,25.0,16.0,20,,33.0
Joel S.,60.0,16.0,20,75.0,45.0
Lesleigh M.,,30.0,25,,
Amber J.,75.0,16.0,20,,
Galilea F.,35.0,10.0,10,,
Alexa G.,36.0,18.0,18,,
Jarret B.,50.0,20.0,16,25.0,33.0
Mitzi Amairani G.,,17.0,20,,
Alisha B.,,16.0,20,,25.0
Alicia M.,,16.0,20,,
Maribel M.,,16.0,20,,
Joseph E.,25.0,16.0,20,,
Emma M.,,17.0,17,,
Josie W.,,,20,,
Preston M.,50.0,15.0,14,,
Rani J.,25.0,15.0,15,,
Tygerlyn H.,30.0,15.0,15,,
Savannah P.,15.0,10.0,10,,
Alice V.,50.0,30.0,25,50.0,50.0
Micayla M.,40.0,16.0,20,30.0,
Morgan S.,25.0,16.0,16,34.0,
Jennifer S.,20.0,16.0,20,,
Madison M.,50.0,20.0,20,,
Alli N.,45.0,18.0,16,50.0,28.0
Bridget B.,,19.0,16,40.0,40.0
Victor R.,40.0,25.0,25,45.0,45.0
Alex S.,25.0,16.0,22,,
Caitlin C.,30.0,16.0,20,,
Inia B.,,16.0,20,,
Kara S.,25.0,16.0,20,,
Arianna H.,65.0,20.0,25,,
Allie G.,,12.0,15,,
Andrew M.,25.0,20.0,17,,
Jacob Z.,25.0,16.0,20,,
Courtney B.,,25.0,20,,
Claire B.,,18.0,23,,
Lee O.,35.0,25.0,15,,
Savannah P.,15.0,10.0,10,,
Alice V.,50.0,30.0,25,50.0,50.0
Micayla M.,40.0,16.0,20,30.0,
Morgan S.,25.0,16.0,16,34.0,
Jennifer S.,20.0,16.0,20,,
Madison M.,50.0,20.0,20,,
Alli N.,45.0,18.0,16,50.0,28.0
Bridget B.,,19.0,16,40.0,40.0
Victor R.,40.0,25.0,25,45.0,45.0
Alex S.,25.0,16.0,22,,
Caitlin C.,30.0,16.0,20,,
Inia B.,,16.0,20,,
Kara S.,25.0,16.0,20,,
Arianna H.,65.0,20.0,25,,
Allie G.,,12.0,15,,
Andrew M.,25.0,20.0,17,,
Jacob Z.,25.0,16.0,20,,
Courtney B.,,25.0,20,,
Claire B.,,18.0,23,,
Lee O.,35.0,25.0,15,,
Mary Ellen O.,45.0,23.0,23,,
Alison R.,52.0,41.0,34,,
Sarah C.,50.0,35.0,22,50.0,45.0
Stephanie M.,34.0,16.0,20,34.0,
Morgan P.,,16.0,17,,
Samantha B.,25.0,20.0,20,45.0,40.0
Caroline R.,35.0,30.0,30,,
Alexandra L.,,16.0,20,,
Cecily W.,,16.0,20,,
Casey D.,75.0,30.0,30,,
Carol S.,55.0,19.0,20,,
Camden S.,,12.0,16,,
Jesse G.,,,15,,
Davon R.,32.0,15.0,20,,
Ryan H.,45.0,20.0,20,40.0,40.0
Heaven K.,25.0,16.0,20,,
Kaitlyn P.,32.0,15.0,12,,
Lauren S.,26.0,17.0,20,,
Megan R.,25.0,12.0,15,30.0,25.0
Jordan L.,45.0,30.0,15,45.0,40.0
Morgan S.,55.0,27.0,27,60.0,55.0
Victoria J.,50.0,20.0,25,40.0,30.0
Olivia N.,,20.0,16,,
Madison B.,25.0,16.0,20,,
Shannon E.,55.0,18.0,20,45.0,39.0
Kris J.,35.0,16.0,19,35.0,35.0
Yesenia C.,30.0,15.0,15,,
Emily K.,25.0,16.0,20,,
Joline C.,25.0,16.0,15,31.0,33.0
Kimberly B.,25.0,16.0,20,25.0,20.0
Olivia P.,28.0,10.0,10,25.0,28.0
Michelle L.,25.0,16.0,20,40.0,
Audrea H.,50.0,20.0,20,75.0,40.0
Jamal W.,25.0,16.0,20,25.0,33.0
Erin A.,25.0,16.0,20,,
Alejandra T.,28.0,15.0,15,28.0,33.0
Chelsea S.,,19.0,21,,
Ariana K.,,15.0,15,,30.0
Natalie M.,35.0,20.0,15,,
Alison B.,31.0,16.0,20,,
Alena H.,26.0,17.0,21,,
Tricia M.,65.0,40.0,40,85.0,80.0
Callie B.,30.0,17.0,20,,
Elle W.,40.0,17.0,17,,
Andrea B.,,35.0,20,,40.0
Michael K.,25.0,16.0,20,25.0,
Julie B.,,16.0,20,,
Julia I.,45.0,15.0,18,30.0,30.0
Jessica M.,52.0,20.0,18,,
Katie D.,20.0,12.0,10,,
Mackenzie T.,,16.0,20,,
Ashley S.,,20.0,23,,
Michael M.,35.0,15.0,16,38.0,35.0
Julia K.,30.0,15.0,20,,
Amanda M.,45.0,,20,38.0,28.0
Kelly S.,,16.0,20,,
Timothy B.,35.0,20.0,22,,
Stasa V.,30.0,20.0,20,,
Felicia Q.,40.0,25.0,15,48.0,
Anastasia G.,40.0,16.0,12,35.0,30.0
Alena H.,26.0,17.0,21,,
Tricia M.,65.0,40.0,40,85.0,80.0
Callie B.,30.0,17.0,20,,
Elle W.,40.0,17.0,17,,
Andrea B.,,35.0,20,,40.0
Michael K.,25.0,16.0,20,25.0,
Julie B.,,16.0,20,,
Julia I.,45.0,15.0,18,30.0,30.0
Jessica M.,52.0,20.0,18,,
Katie D.,20.0,12.0,10,,
Mackenzie T.,,16.0,20,,
Ashley S.,,20.0,23,,
Michael M.,35.0,15.0,16,38.0,35.0
Julia K.,30.0,15.0,20,,
Amanda M.,45.0,,20,38.0,28.0
Kelly S.,,16.0,20,,
Timothy B.,35.0,20.0,22,,
Stasa V.,30.0,20.0,20,,
Felicia Q.,40.0,25.0,15,48.0,
Anastasia G.,40.0,16.0,12,35.0,30.0
Olivia D.,30.0,16.0,20,,
Jennifer M.,80.0,30.0,20,,
Arely A.,,20.0,20,30.0,33.0
Maggie J.,30.0,12.0,15,,
Mary Kate S.,25.0,16.0,20,25.0,33.0
Noppassorn V.,25.0,16.0,20,25.0,33.0
Tiki L.,50.0,18.0,20,35.0,33.0
Jennifer V.,35.0,,20,60.0,33.0
Veronica A.,60.0,20.0,23,60.0,
Ana J.,,16.0,20,,
Caitlin C.,30.0,15.0,18,,
Caroline W.,,,20,,
Scott B.,,23.0,23,,
Lauren N.,25.0,18.0,15,,
Dominique P.,,16.0,20,,
Kali W.,,,19,,
Paige W.,,20.0,20,,
Joshua R.,,32.0,32,,
Raven D.,25.0,17.0,17,,
Shivali P.,,10.0,10,20.0,20.0
Jennifer M.,,15.0,15,,
Vito M.,26.0,15.0,18,24.0,22.0
Anthony A.,150.0,40.0,50,,
Jenny A.,50.0,25.0,25,,
Kate K.,35.0,,20,35.0,40.0
Ximena R.,,17.0,18,,30.0
Kayla F.,30.0,25.0,15,,
Elise O.,,14.0,18,33.0,33.0
Kayla K.,20.0,15.0,18,20.0,
Victor C.,,16.0,20,25.0,
Jessica L.,40.0,18.0,18,30.0,25.0
Cintia Z.,25.0,16.0,20,45.0,33.0
Britni H.,25.0,20.0,20,30.0,30.0
Emily S.,25.0,16.0,20,,
Megan H.,,,20,,
Megan J.,25.0,16.0,20,25.0,
Liam S.,25.0,20.0,15,35.0,33.0
Becky D.,65.0,16.0,20,,
Haley P.,40.0,15.0,15,,
Dylan P.,,15.0,18,,
Jennifer M.,,15.0,15,,
Vito M.,26.0,15.0,18,24.0,22.0
Anthony A.,150.0,40.0,50,,
Jenny A.,50.0,25.0,25,,
Kate K.,35.0,,20,35.0,40.0
Ximena R.,,17.0,18,,30.0
Kayla F.,30.0,25.0,15,,
Elise O.,,14.0,18,33.0,33.0
Kayla K.,20.0,15.0,18,20.0,
Victor C.,,16.0,20,25.0,
Jessica L.,40.0,18.0,18,30.0,25.0
Cintia Z.,25.0,16.0,20,45.0,33.0
Britni H.,25.0,20.0,20,30.0,30.0
Emily S.,25.0,16.0,20,,
Megan H.,,,20,,
Megan J.,25.0,16.0,20,25.0,
Liam S.,25.0,20.0,15,35.0,33.0
Becky D.,65.0,16.0,20,,
Haley P.,40.0,15.0,15,,
Dylan P.,,15.0,18,,
Mary F.,35.0,22.0,22,,
Lisa T.,50.0,25.0,20,45.0,50.0
Carla T.,25.0,15.0,20,,
Gabrielle L.,25.0,16.0,20,,
Reyna S.,25.0,16.0,20,,
Ivana P.,25.0,16.0,20,25.0,33.0
Stephanie V.,40.0,20.0,20,,
Meredith J.,25.0,15.0,20,30.0,
Jessie M.,,20.0,25,,
Arnola S.,40.0,20.0,20,,
Crystal P.,,15.0,17,55.0,24.0
Allie S.,25.0,15.0,15,,
Yesenia B.,,20.0,20,45.0,
Dolores M.,25.0,20.0,20,,
Naomi W.,45.0,20.0,25,,
Dorothy B.,24.0,15.0,18,35.0,25.0
Emily C.,35.0,18.0,18,35.0,
Molly B.,,15.0,15,,
Emily R.,40.0,20.0,15,45.0,30.0
Rosario O.,55.0,,16,50.0,26.0
Kathy & Katrina S.,55.0,20.0,20,35.0,25.0
Rae M.,45.0,20.0,15,45.0,30.0
Elizabeth K.,35.0,20.0,25,,
Rebecca F.,,20.0,20,,
Julia S.,40.0,16.0,20,32.0,33.0
Calen J.,25.0,16.0,20,25.0,33.0
Thomas R.,,15.0,16,,
Evan B.,30.0,15.0,20,,
Sean M.,65.0,25.0,20,50.0,40.0
Caraann D.,25.0,18.0,20,,
Sydney E.,28.0,16.0,20,,
Alyssa S.,25.0,,20,25.0,
Drue L.,40.0,23.0,18,40.0,28.0
Megan H.,50.0,20.0,20,50.0,35.0
Kelly S.,,,18,,
Diana Q.,40.0,17.0,20,,
Phill A.,25.0,16.0,20,25.0,33.0
Kayla P.,70.0,25.0,20,50.0,33.0
Marissa P.,25.0,12.0,15,,
Brittney D.,25.0,20.0,15,,
Donna C.,40.0,25.0,25,,
Bridget B.,,25.0,20,45.0,35.0
Eric C.,63.0,33.0,17,35.0,25.0
Rachel S.,60.0,18.0,18,32.0,
Taylor L.,85.0,25.0,30,,
María C.,,,25,,
Bianca V.,25.0,16.0,20,25.0,33.0
"Hawa ""Vivian"" E.",25.0,16.0,20,25.0,
Luana M.,80.0,60.0,20,60.0,40.0
Theanna R.,,,20,,
William P.,,16.0,20,,
Karina A.,25.0,16.0,20,25.0,33.0
Cianna H.,25.0,13.0,16,25.0,27.0
Emma M.,25.0,12.0,15,,
Gena C.,25.0,12.0,15,25.0,33.0
Jo Jo W.,20.0,10.0,10,,
Brian M.,,15.0,15,,
Nina B.,25.0,16.0,20,,
Paul W.,35.0,25.0,15,30.0,20.0
Julia V.,,,15,,
Donna C.,40.0,25.0,25,,
Bridget B.,,25.0,20,45.0,35.0
Eric C.,63.0,33.0,17,35.0,25.0
Rachel S.,60.0,18.0,18,32.0,
Taylor L.,85.0,25.0,30,,
María C.,,,25,,
Bianca V.,25.0,16.0,20,25.0,33.0
"Hawa ""Vivian"" E.",25.0,16.0,20,25.0,
Luana M.,80.0,60.0,20,60.0,40.0
Theanna R.,,,20,,
William P.,,16.0,20,,
Karina A.,25.0,16.0,20,25.0,33.0
Cianna H.,25.0,13.0,16,25.0,27.0
Emma M.,25.0,12.0,15,,
Gena C.,25.0,12.0,15,25.0,33.0
Jo Jo W.,20.0,10.0,10,,
Brian M.,,15.0,15,,
Nina B.,25.0,16.0,20,,
Paul W.,35.0,25.0,15,30.0,20.0
Julia V.,,,15,,
Sarah S.,25.0,16.0,20,25.0,
Sana M.,50.0,25.0,25,,
Laura C.,25.0,16.0,20,25.0,33.0
Keyveanna D.,35.0,16.0,20,30.0,22.0
Ryan B.,,15.0,16,,
Maia P.,40.0,25.0,25,,
Amanda H.,,20.0,25,,
Bianca R.,25.0,16.0,20,25.0,30.0
Sarah S.,75.0,20.0,20,,
Jason G.,25.0,16.0,20,,
Cole M.,25.0,20.0,20,,
Carissa C.,25.0,15.0,15,,
Leonardo V.,60.0,20.0,20,,
Brittany J.,35.0,16.0,20,,
Jennifer D.,,16.0,20,,
Amber M.,50.0,20.0,20,50.0,33.0
Michael M.,,12.0,15,,
Migdalia B.,75.0,16.0,15,,25.0
Joey W.,15.0,10.0,10,15.0,15.0
Brianne H.,32.0,25.0,15,,
Tani B.,40.0,17.0,17,,
Dilan C.,30.0,20.0,15,,
Janeise D.,15.0,15.0,15,,
Michelle K.,,25.0,25,45.0,35.0
Noelle J.,26.0,16.0,20,,33.0
Marilyn S.,45.0,20.0,20,,
Courtney W.,,18.0,15,,
Yoldjine D.,25.0,25.0,25,,
Chris T.,25.0,16.0,20,,
Natalia J.,,20.0,20,,
Emily C.,25.0,16.0,20,,
Lynda A.,40.0,20.0,20,30.0,
Victoria P.,25.0,16.0,15,,
Molly K.,25.0,16.0,20,25.0,33.0
Nicolas M.,25.0,20.0,20,30.0,35.0
Veronica K.,,25.0,25,,
Jonathan R.,150.0,150.0,100,,
Stephanie S.,,15.0,15,,
Krista S.,28.0,15.0,17,,
Jane D.,25.0,15.0,15,,
Tani B.,40.0,17.0,17,,
Dilan C.,30.0,20.0,15,,
Janeise D.,15.0,15.0,15,,
Michelle K.,,25.0,25,45.0,35.0
Noelle J.,26.0,16.0,20,,33.0
Marilyn S.,45.0,20.0,20,,
Courtney W.,,18.0,15,,
Yoldjine D.,25.0,25.0,25,,
Chris T.,25.0,16.0,20,,
Natalia J.,,20.0,20,,
Emily C.,25.0,16.0,20,,
Lynda A.,40.0,20.0,20,30.0,
Victoria P.,25.0,16.0,15,,
Molly K.,25.0,16.0,20,25.0,33.0
Nicolas M.,25.0,20.0,20,30.0,35.0
Veronica K.,,25.0,25,,
Jonathan R.,150.0,150.0,100,,
Stephanie S.,,15.0,15,,
Krista S.,28.0,15.0,17,,
Jane D.,25.0,15.0,15,,
Danielle S.,,18.0,20,30.0,25.0
Michelle J.,25.0,12.0,12,,
Ashley C.,35.0,20.0,20,,
Gabriella L.,25.0,16.0,20,25.0,33.0
Telaya H.,45.0,35.0,30,45.0,38.0
Ryan P.,125.0,23.0,29,,
Xochitl R.,25.0,16.0,20,,35.0
Bridget N.,50.0,25.0,20,,35.0
Hannah N.,,20.0,20,,
Natalie C.,45.0,16.0,18,45.0,
Christina O.,45.0,19.0,19,45.0,
Ben B.,35.0,20.0,19,60.0,
Samantha G.,30.0,18.0,15,35.0,30.0
Bosko B.,,,30,60.0,50.0
Kayla W.,30.0,15.0,20,,
Alice E.,25.0,16.0,20,,
Becca H.,40.0,16.0,20,,
James R.,75.0,18.0,15,44.0,34.0
chloe l.,,10.0,10,,
Maggie P.,25.0,16.0,15,25.0,25.0
Lydia R.,40.0,25.0,25,40.0,40.0
Mia M.,30.0,17.0,20,29.0,33.0
Christina Z.,60.0,18.0,16,,
Brendan T.,44.0,,18,29.0,
Joel A.,49.0,24.0,18,,29.0
Emily A.,,16.0,20,,
Susan G.,25.0,20.0,25,,
Nicholas R.,50.0,25.0,20,50.0,
Freda J.,,,20,,30.0
Veronica W.,30.0,15.0,20,,
Lori N.,25.0,16.0,20,,
Joshua M.,35.0,20.0,16,,
Tristin M.,30.0,13.0,15,50.0,
Gabriella L.,35.0,20.0,25,,
Matthew D.,,18.0,15,,38.0
Rebecca B.,20.0,10.0,15,,
Alexis M.,40.0,20.0,20,,
Jessica G.,50.0,20.0,20,,40.0
saade h.,65.0,10.0,15,65.0,20.0
Rebecca R.,30.0,18.0,14,,
Lydia R.,40.0,25.0,25,40.0,40.0
Mia M.,30.0,17.0,20,29.0,33.0
Christina Z.,60.0,18.0,16,,
Brendan T.,44.0,,18,29.0,
Joel A.,49.0,24.0,18,,29.0
Emily A.,,16.0,20,,
Susan G.,25.0,20.0,25,,
Nicholas R.,50.0,25.0,20,50.0,
Freda J.,,,20,,30.0
Veronica W.,30.0,15.0,20,,
Lori N.,25.0,16.0,20,,
Joshua M.,35.0,20.0,16,,
Tristin M.,30.0,13.0,15,50.0,
Gabriella L.,35.0,20.0,25,,
Matthew D.,,18.0,15,,38.0
Rebecca B.,20.0,10.0,15,,
Alexis M.,40.0,20.0,20,,
Jessica G.,50.0,20.0,20,,40.0
saade h.,65.0,10.0,15,65.0,20.0
Rebecca R.,30.0,18.0,14,,
